contract_version,export_record_id,finding_id,source_finding_ids,source_tools,finding_type,security_domain,title,description,normalised_severity,risk_score,priority,status,producer_status,consumer_status,lifecycle_status,asset_id,asset_type,asset_criticality,data_sensitivity,internet_exposure,environment,application,service,repository,component,resource,file,line,package_name,installed_version,fixed_version,cve,cwe,owasp_category,cloud_provider,region,threat_ids,security_requirement_ids,control_ids,squad,technical_owner,risk_owner,remediation_owner,first_detected,last_detected,due_date,overdue,remediation_sla_days,suppression_id,suppression_status,exception_id,exception_status,exception_expiry,verification_status,release_decision,release_impact,required_actions,required_approvals,remediation_guidance,source_evidence,source_record_hash,lineage_references,producer_metadata
1.0,EXP-0DAA161DF369,FND-CONTAINER-026cbd40a3d8,FND-CONTAINER-026cbd40a3d8,trivy,Container,Container,perl-base CVE-2026-9538,"Archive::Tar versions before 3.10 for Perl allow memory exhaustion via attacker controlled entry size field in tar header.

_read_tar() reads each entry's payload with $handle->read($$data, $block), where $block is derived from the entry's 12-byte size field in the tar header with no upper bound on that value.

A crafted header declaring a multi-gigabyte size causes Perl to allocate a scalar of that size.",high,56.25,P3,risk_accepted,risk_accepted,risk_accepted,risk_accepted,AST-CONTAINER,container_image,high,medium,not_deployed,not_deployed,genomic-research-access-api,,devsecops-application-security-pipeline,devsecops-application-security-pipeline:milestone5 (debian 13.6),,,,perl-base,5.40.1-6,,CVE-2026-9538,,,,,THR-SUPPLY-001,SR-CONTAINER-001,,Platform Engineering,Platform Engineering,Risk Owner,Platform Engineering,2026-01-01,2026-01-01,2026-01-15,False,14,,,EXC-b94c077fed02,active,2026-01-20,not_verified,conditional_pass,conditional_pass,Track upstream fix availability and rebuild the image when a fix is published.,Product Security;Technical Owner,Rebuild on an updated base image or apply a compensating control when no fix exists.,outputs/security/appsec/raw/trivy.json,645d5a23522565a31c372ecba40f38143da73f7524a37babe5e2721ebbb98721,outputs/security/integration/finding-source-lineage.json;outputs/security/findings/finding-source-map.json,"{""contract_name"":""product-security-control-plane-export"",""deployment_status"":""not_deployed"",""producer"":""devsecops-application-security-pipeline"",""producer_repository"":""devsecops-application-security-pipeline"",""producer_schema_version"":""1.0""}"
1.0,EXP-BFB6E8BF1D59,FND-CONTAINER-033201244a2b,FND-CONTAINER-033201244a2b,trivy,Container,Container,bsdutils CVE-2026-53615,"Package updates are available for Amazon Linux 2023 that fix the following vulnerabilities:
CVE-2026-53615:
	Integer Overflow or Wraparound in libblkid/src/partitions/dos.c
",high,56.25,P3,triaged,triaged,triaged,triaged,AST-CONTAINER,container_image,high,medium,not_deployed,not_deployed,genomic-research-access-api,,devsecops-application-security-pipeline,devsecops-application-security-pipeline:milestone5 (debian 13.6),,,,bsdutils,1:2.41-5,,CVE-2026-53615,,,,,THR-SUPPLY-001,SR-CONTAINER-001,,Platform Engineering,Platform Engineering,Risk Owner,Platform Engineering,2026-01-01,2026-01-01,2026-01-15,False,14,,,,,,not_verified,conditional_pass,conditional_pass,Track upstream fix availability and rebuild the image when a fix is published.,Product Security;Technical Owner,Rebuild on an updated base image or apply a compensating control when no fix exists.,outputs/security/appsec/raw/trivy.json,c71bf688d215324d8b37ff0ff94cf20a7fca5f5e3b35c51da51e57a617879d6a,outputs/security/integration/finding-source-lineage.json;outputs/security/findings/finding-source-map.json,"{""contract_name"":""product-security-control-plane-export"",""deployment_status"":""not_deployed"",""producer"":""devsecops-application-security-pipeline"",""producer_repository"":""devsecops-application-security-pipeline"",""producer_schema_version"":""1.0""}"
1.0,EXP-CCA138759A8B,FND-CONTAINER-35a70101ee98,FND-CONTAINER-35a70101ee98,trivy,Container,Container,libblkid1 CVE-2026-53615,"Package updates are available for Amazon Linux 2023 that fix the following vulnerabilities:
CVE-2026-53615:
	Integer Overflow or Wraparound in libblkid/src/partitions/dos.c
",high,56.25,P3,triaged,triaged,triaged,triaged,AST-CONTAINER,container_image,high,medium,not_deployed,not_deployed,genomic-research-access-api,,devsecops-application-security-pipeline,devsecops-application-security-pipeline:milestone5 (debian 13.6),,,,libblkid1,2.41-5,,CVE-2026-53615,,,,,THR-SUPPLY-001,SR-CONTAINER-001,,Platform Engineering,Platform Engineering,Risk Owner,Platform Engineering,2026-01-01,2026-01-01,2026-01-15,False,14,,,,,,not_verified,conditional_pass,conditional_pass,Track upstream fix availability and rebuild the image when a fix is published.,Product Security;Technical Owner,Rebuild on an updated base image or apply a compensating control when no fix exists.,outputs/security/appsec/raw/trivy.json,b8bf848b2d1631bbe3176d9a1e1c8f4f9bc89d94f24f488aa52e4f0a585be8bd,outputs/security/integration/finding-source-lineage.json;outputs/security/findings/finding-source-map.json,"{""contract_name"":""product-security-control-plane-export"",""deployment_status"":""not_deployed"",""producer"":""devsecops-application-security-pipeline"",""producer_repository"":""devsecops-application-security-pipeline"",""producer_schema_version"":""1.0""}"
1.0,EXP-E5078D61EA75,FND-CONTAINER-35a7a61eb9e3,FND-CONTAINER-35a7a61eb9e3,trivy,Container,Container,libmount1 CVE-2026-53615,"Package updates are available for Amazon Linux 2023 that fix the following vulnerabilities:
CVE-2026-53615:
	Integer Overflow or Wraparound in libblkid/src/partitions/dos.c
",high,56.25,P3,triaged,triaged,triaged,triaged,AST-CONTAINER,container_image,high,medium,not_deployed,not_deployed,genomic-research-access-api,,devsecops-application-security-pipeline,devsecops-application-security-pipeline:milestone5 (debian 13.6),,,,libmount1,2.41-5,,CVE-2026-53615,,,,,THR-SUPPLY-001,SR-CONTAINER-001,,Platform Engineering,Platform Engineering,Risk Owner,Platform Engineering,2026-01-01,2026-01-01,2026-01-15,False,14,,,,,,not_verified,conditional_pass,conditional_pass,Track upstream fix availability and rebuild the image when a fix is published.,Product Security;Technical Owner,Rebuild on an updated base image or apply a compensating control when no fix exists.,outputs/security/appsec/raw/trivy.json,6cdc5d372d0bfa9fb74d1f170837019b4ccda08cba704eeb047ebe015ad85c70,outputs/security/integration/finding-source-lineage.json;outputs/security/findings/finding-source-map.json,"{""contract_name"":""product-security-control-plane-export"",""deployment_status"":""not_deployed"",""producer"":""devsecops-application-security-pipeline"",""producer_repository"":""devsecops-application-security-pipeline"",""producer_schema_version"":""1.0""}"
1.0,EXP-172E0B920741,FND-CONTAINER-3686ad447a1f,FND-CONTAINER-3686ad447a1f,trivy,Container,Container,perl-base CVE-2026-42497,"Archive::Tar versions before 3.08 for Perl extract hardlinks to attacker controlled paths outside the extraction directory.

_make_special_file() passes the tar header's linkname to link() without validating it against absolute paths or .. segments, creating a hardlink that shares the victim file's inode.

A subsequent write through the extracted name modifies the victim file, and the post-extraction chmod, chown, and utime block in _extract_file() (guarded only against symlinks via -l) applies the tar header's mode, owner, and timestamps to the shared inode during extraction alone.",high,56.25,P3,triaged,triaged,triaged,triaged,AST-CONTAINER,container_image,high,medium,not_deployed,not_deployed,genomic-research-access-api,,devsecops-application-security-pipeline,devsecops-application-security-pipeline:milestone5 (debian 13.6),,,,perl-base,5.40.1-6,,CVE-2026-42497,,,,,THR-SUPPLY-001,SR-CONTAINER-001,,Platform Engineering,Platform Engineering,Risk Owner,Platform Engineering,2026-01-01,2026-01-01,2026-01-15,False,14,,,,,,not_verified,conditional_pass,conditional_pass,Track upstream fix availability and rebuild the image when a fix is published.,Product Security;Technical Owner,Rebuild on an updated base image or apply a compensating control when no fix exists.,outputs/security/appsec/raw/trivy.json,3a21476df38ed1ff11405b26cfed89e2555d1c84d97ebb56254e81d91f94d4b6,outputs/security/integration/finding-source-lineage.json;outputs/security/findings/finding-source-map.json,"{""contract_name"":""product-security-control-plane-export"",""deployment_status"":""not_deployed"",""producer"":""devsecops-application-security-pipeline"",""producer_repository"":""devsecops-application-security-pipeline"",""producer_schema_version"":""1.0""}"
1.0,EXP-9B2BC3708B36,FND-CONTAINER-4a39d4c85743,FND-CONTAINER-4a39d4c85743,trivy,Container,Container,perl-base CVE-2026-48962,"IO::Compress versions before 2.220 for Perl can execute arbitrary code in File::GlobMapper via an attacker-controlled output glob.

_parseOutputGlob() wraps the caller-supplied output glob string in double quotes and stores it in the parser state; _getFiles() then runs the stored expression through eval STRING. A literal double quote in the output glob closes the dquote wrapper, and the characters that follow are evaluated as Perl.

Arbitrary Perl in the output glob executes at the calling process's privilege.",high,56.25,P3,triaged,triaged,triaged,triaged,AST-CONTAINER,container_image,high,medium,not_deployed,not_deployed,genomic-research-access-api,,devsecops-application-security-pipeline,devsecops-application-security-pipeline:milestone5 (debian 13.6),,,,perl-base,5.40.1-6,,CVE-2026-48962,,,,,THR-SUPPLY-001,SR-CONTAINER-001,,Platform Engineering,Platform Engineering,Risk Owner,Platform Engineering,2026-01-01,2026-01-01,2026-01-15,False,14,,,,,,not_verified,conditional_pass,conditional_pass,Track upstream fix availability and rebuild the image when a fix is published.,Product Security;Technical Owner,Rebuild on an updated base image or apply a compensating control when no fix exists.,outputs/security/appsec/raw/trivy.json,8291982f4ea5fd923f8ac18a907866ffe94425629245212e64e76ae84496610d,outputs/security/integration/finding-source-lineage.json;outputs/security/findings/finding-source-map.json,"{""contract_name"":""product-security-control-plane-export"",""deployment_status"":""not_deployed"",""producer"":""devsecops-application-security-pipeline"",""producer_repository"":""devsecops-application-security-pipeline"",""producer_schema_version"":""1.0""}"
1.0,EXP-E35CE011A337,FND-CONTAINER-57b96cf12bee,FND-CONTAINER-57b96cf12bee,trivy,Container,Container,libtinfo6 CVE-2025-69720,The infocmp command-line tool in ncurses before 6.5-20251213 has a stack-based buffer overflow in analyze_string in progs/infocmp.c.,high,56.25,P3,triaged,triaged,triaged,triaged,AST-CONTAINER,container_image,high,medium,not_deployed,not_deployed,genomic-research-access-api,,devsecops-application-security-pipeline,devsecops-application-security-pipeline:milestone5 (debian 13.6),,,,libtinfo6,6.5+20250216-2,,CVE-2025-69720,,,,,THR-SUPPLY-001,SR-CONTAINER-001,,Platform Engineering,Platform Engineering,Risk Owner,Platform Engineering,2026-01-01,2026-01-01,2026-01-15,False,14,,,,,,not_verified,conditional_pass,conditional_pass,Track upstream fix availability and rebuild the image when a fix is published.,Product Security;Technical Owner,Rebuild on an updated base image or apply a compensating control when no fix exists.,outputs/security/appsec/raw/trivy.json,3ac229e8856dc181256033ec8d9bb4dded74fc4cc2b8245e68e234e9a5bfd57c,outputs/security/integration/finding-source-lineage.json;outputs/security/findings/finding-source-map.json,"{""contract_name"":""product-security-control-plane-export"",""deployment_status"":""not_deployed"",""producer"":""devsecops-application-security-pipeline"",""producer_repository"":""devsecops-application-security-pipeline"",""producer_schema_version"":""1.0""}"
1.0,EXP-A8B16054EBB1,FND-CONTAINER-5ee1761422cc,FND-CONTAINER-5ee1761422cc;FND-SUPPRESSIO-ef559061de8d,trivy,Container,Container,perl-base CVE-2026-42496,"Archive::Tar versions before 3.08 for Perl extract symlinks with attacker controlled targets outside the extraction directory.

_make_special_file() passes the tar header's linkname to symlink() without validating it against absolute paths or .. segments. The secure-extract mode check that guards regular file extraction does not cover the symlink target.

A subsequent open through the extracted name reads or writes the attacker chosen path.",critical,62.25,P2,triaged,triaged,triaged,triaged,AST-CONTAINER,container_image,high,medium,not_deployed,not_deployed,genomic-research-access-api,,devsecops-application-security-pipeline,devsecops-application-security-pipeline:milestone5 (debian 13.6),,,,perl-base,5.40.1-6,,CVE-2026-42496,,,,,THR-SUPPLY-001,SR-CONTAINER-001,,Platform Engineering,Platform Engineering,Risk Owner,Platform Engineering,2026-01-01,2026-01-01,2026-01-04,False,3,,,,,,not_verified,conditional_pass,conditional_pass,Track upstream fix availability and rebuild the image when a fix is published.,Product Security;Technical Owner,Rebuild on an updated base image or apply a compensating control when no fix exists.,outputs/security/appsec/raw/trivy.json,6454878eb50cf52ca8af12586ee58c1abb95c63d597ed3059692c6b37890e437,outputs/security/integration/finding-source-lineage.json;outputs/security/findings/finding-source-map.json,"{""contract_name"":""product-security-control-plane-export"",""deployment_status"":""not_deployed"",""producer"":""devsecops-application-security-pipeline"",""producer_repository"":""devsecops-application-security-pipeline"",""producer_schema_version"":""1.0""}"
1.0,EXP-6CA3E48D9DAE,FND-CONTAINER-6017bcc173f8,FND-CONTAINER-6017bcc173f8,trivy,Container,Container,libacl1 CVE-2026-54369,"acl before version 2.4.0 contains a symlink traversal vulnerability in the libacl pathname-based functions acl_get_file(), acl_set_file(), acl_extended_file(), and acl_delete_def_file() that allows local attackers to escalate privileges by replacing any pathname component with a symbolic link. Attackers who control any component of a pathname processed by a privileged caller can redirect ACL read or write operations to arbitrary files or directories, enabling unauthorized manipulation of access control lists and local privilege escalation.",high,56.25,P3,triaged,triaged,triaged,triaged,AST-CONTAINER,container_image,high,medium,not_deployed,not_deployed,genomic-research-access-api,,devsecops-application-security-pipeline,devsecops-application-security-pipeline:milestone5 (debian 13.6),,,,libacl1,2.3.2-2+b1,,CVE-2026-54369,,,,,THR-SUPPLY-001,SR-CONTAINER-001,,Platform Engineering,Platform Engineering,Risk Owner,Platform Engineering,2026-01-01,2026-01-01,2026-01-15,False,14,,,,,,not_verified,conditional_pass,conditional_pass,Track upstream fix availability and rebuild the image when a fix is published.,Product Security;Technical Owner,Rebuild on an updated base image or apply a compensating control when no fix exists.,outputs/security/appsec/raw/trivy.json,986cca029a8ebb5c96044019e67a937e7021718734b9466e23f99d6e97575d9a,outputs/security/integration/finding-source-lineage.json;outputs/security/findings/finding-source-map.json,"{""contract_name"":""product-security-control-plane-export"",""deployment_status"":""not_deployed"",""producer"":""devsecops-application-security-pipeline"",""producer_repository"":""devsecops-application-security-pipeline"",""producer_schema_version"":""1.0""}"
1.0,EXP-4A54446E174D,FND-CONTAINER-6884a6a2aeb3,FND-CONTAINER-6884a6a2aeb3,trivy,Container,Container,libncursesw6 CVE-2025-69720,The infocmp command-line tool in ncurses before 6.5-20251213 has a stack-based buffer overflow in analyze_string in progs/infocmp.c.,high,56.25,P3,triaged,triaged,triaged,triaged,AST-CONTAINER,container_image,high,medium,not_deployed,not_deployed,genomic-research-access-api,,devsecops-application-security-pipeline,devsecops-application-security-pipeline:milestone5 (debian 13.6),,,,libncursesw6,6.5+20250216-2,,CVE-2025-69720,,,,,THR-SUPPLY-001,SR-CONTAINER-001,,Platform Engineering,Platform Engineering,Risk Owner,Platform Engineering,2026-01-01,2026-01-01,2026-01-15,False,14,,,,,,not_verified,conditional_pass,conditional_pass,Track upstream fix availability and rebuild the image when a fix is published.,Product Security;Technical Owner,Rebuild on an updated base image or apply a compensating control when no fix exists.,outputs/security/appsec/raw/trivy.json,2845f44808a87dafc686cabe04e833369688e5baa00ef7990996345693ad9248,outputs/security/integration/finding-source-lineage.json;outputs/security/findings/finding-source-map.json,"{""contract_name"":""product-security-control-plane-export"",""deployment_status"":""not_deployed"",""producer"":""devsecops-application-security-pipeline"",""producer_repository"":""devsecops-application-security-pipeline"",""producer_schema_version"":""1.0""}"
1.0,EXP-736894FAE391,FND-CONTAINER-77763b149b4f,FND-CONTAINER-77763b149b4f,trivy,Container,Container,ncurses-base CVE-2025-69720,The infocmp command-line tool in ncurses before 6.5-20251213 has a stack-based buffer overflow in analyze_string in progs/infocmp.c.,high,56.25,P3,triaged,triaged,triaged,triaged,AST-CONTAINER,container_image,high,medium,not_deployed,not_deployed,genomic-research-access-api,,devsecops-application-security-pipeline,devsecops-application-security-pipeline:milestone5 (debian 13.6),,,,ncurses-base,6.5+20250216-2,,CVE-2025-69720,,,,,THR-SUPPLY-001,SR-CONTAINER-001,,Platform Engineering,Platform Engineering,Risk Owner,Platform Engineering,2026-01-01,2026-01-01,2026-01-15,False,14,,,,,,not_verified,conditional_pass,conditional_pass,Track upstream fix availability and rebuild the image when a fix is published.,Product Security;Technical Owner,Rebuild on an updated base image or apply a compensating control when no fix exists.,outputs/security/appsec/raw/trivy.json,e752deac85ce054a71a56565faf368a170ad302e62ac146142b8d5b45f11de47,outputs/security/integration/finding-source-lineage.json;outputs/security/findings/finding-source-map.json,"{""contract_name"":""product-security-control-plane-export"",""deployment_status"":""not_deployed"",""producer"":""devsecops-application-security-pipeline"",""producer_repository"":""devsecops-application-security-pipeline"",""producer_schema_version"":""1.0""}"
1.0,EXP-2A80FB5EC3F5,FND-CONTAINER-9360fa554791,FND-CONTAINER-9360fa554791,trivy,Container,Container,libuuid1 CVE-2026-53615,"Package updates are available for Amazon Linux 2023 that fix the following vulnerabilities:
CVE-2026-53615:
	Integer Overflow or Wraparound in libblkid/src/partitions/dos.c
",high,56.25,P3,triaged,triaged,triaged,triaged,AST-CONTAINER,container_image,high,medium,not_deployed,not_deployed,genomic-research-access-api,,devsecops-application-security-pipeline,devsecops-application-security-pipeline:milestone5 (debian 13.6),,,,libuuid1,2.41-5,,CVE-2026-53615,,,,,THR-SUPPLY-001,SR-CONTAINER-001,,Platform Engineering,Platform Engineering,Risk Owner,Platform Engineering,2026-01-01,2026-01-01,2026-01-15,False,14,,,,,,not_verified,conditional_pass,conditional_pass,Track upstream fix availability and rebuild the image when a fix is published.,Product Security;Technical Owner,Rebuild on an updated base image or apply a compensating control when no fix exists.,outputs/security/appsec/raw/trivy.json,ed89248825b8988c24bcb1f273a16e309397226f8d5aa7092dd41e84dd3bb749,outputs/security/integration/finding-source-lineage.json;outputs/security/findings/finding-source-map.json,"{""contract_name"":""product-security-control-plane-export"",""deployment_status"":""not_deployed"",""producer"":""devsecops-application-security-pipeline"",""producer_repository"":""devsecops-application-security-pipeline"",""producer_schema_version"":""1.0""}"
1.0,EXP-A35403477103,FND-CONTAINER-95a38a1f2a20,FND-CONTAINER-95a38a1f2a20;FND-SUPPRESSIO-5313851a0158,trivy,Container,Container,perl-base CVE-2026-8376,"Perl versions through 5.43.10 have a heap buffer overflow when compiling regular expressions with a repeated fixed string on 32-bit builds.

Perl_study_chunk in regcomp_study.c checked the size of the joined substring buffer in characters rather than bytes. For a quantified fixed substring with a large minimum count, the byte length mincount * l could overflow SSize_t, producing an undersized SvGROW allocation; the subsequent copy writes past the end of the buffer.

A caller that compiles an attacker-controlled regular expression on a 32-bit perl build triggers a heap buffer overflow at compile time.",critical,62.25,P2,triaged,triaged,triaged,triaged,AST-CONTAINER,container_image,high,medium,not_deployed,not_deployed,genomic-research-access-api,,devsecops-application-security-pipeline,devsecops-application-security-pipeline:milestone5 (debian 13.6),,,,perl-base,5.40.1-6,,CVE-2026-8376,,,,,THR-SUPPLY-001,SR-CONTAINER-001,,Platform Engineering,Platform Engineering,Risk Owner,Platform Engineering,2026-01-01,2026-01-01,2026-01-04,False,3,,,,,,not_verified,conditional_pass,conditional_pass,Track upstream fix availability and rebuild the image when a fix is published.,Product Security;Technical Owner,Rebuild on an updated base image or apply a compensating control when no fix exists.,outputs/security/appsec/raw/trivy.json,bdfbd16f82bf62a362d2c5243e25e41b53e0ca06afec097827e94f2a6ef75a1c,outputs/security/integration/finding-source-lineage.json;outputs/security/findings/finding-source-map.json,"{""contract_name"":""product-security-control-plane-export"",""deployment_status"":""not_deployed"",""producer"":""devsecops-application-security-pipeline"",""producer_repository"":""devsecops-application-security-pipeline"",""producer_schema_version"":""1.0""}"
1.0,EXP-F055D8A380A4,FND-CONTAINER-96b263718199,FND-CONTAINER-96b263718199,trivy,Container,Container,liblastlog2-2 CVE-2026-53615,"Package updates are available for Amazon Linux 2023 that fix the following vulnerabilities:
CVE-2026-53615:
	Integer Overflow or Wraparound in libblkid/src/partitions/dos.c
",high,56.25,P3,triaged,triaged,triaged,triaged,AST-CONTAINER,container_image,high,medium,not_deployed,not_deployed,genomic-research-access-api,,devsecops-application-security-pipeline,devsecops-application-security-pipeline:milestone5 (debian 13.6),,,,liblastlog2-2,2.41-5,,CVE-2026-53615,,,,,THR-SUPPLY-001,SR-CONTAINER-001,,Platform Engineering,Platform Engineering,Risk Owner,Platform Engineering,2026-01-01,2026-01-01,2026-01-15,False,14,,,,,,not_verified,conditional_pass,conditional_pass,Track upstream fix availability and rebuild the image when a fix is published.,Product Security;Technical Owner,Rebuild on an updated base image or apply a compensating control when no fix exists.,outputs/security/appsec/raw/trivy.json,9adeef98729a64f59d05c91588eba760ce948447be9a7f0aa49d86815f32ca41,outputs/security/integration/finding-source-lineage.json;outputs/security/findings/finding-source-map.json,"{""contract_name"":""product-security-control-plane-export"",""deployment_status"":""not_deployed"",""producer"":""devsecops-application-security-pipeline"",""producer_repository"":""devsecops-application-security-pipeline"",""producer_schema_version"":""1.0""}"
1.0,EXP-23E790462222,FND-CONTAINER-9bac41a1b5ac,FND-CONTAINER-9bac41a1b5ac,trivy,Container,Container,util-linux CVE-2026-53615,"Package updates are available for Amazon Linux 2023 that fix the following vulnerabilities:
CVE-2026-53615:
	Integer Overflow or Wraparound in libblkid/src/partitions/dos.c
",high,56.25,P3,triaged,triaged,triaged,triaged,AST-CONTAINER,container_image,high,medium,not_deployed,not_deployed,genomic-research-access-api,,devsecops-application-security-pipeline,devsecops-application-security-pipeline:milestone5 (debian 13.6),,,,util-linux,2.41-5,,CVE-2026-53615,,,,,THR-SUPPLY-001,SR-CONTAINER-001,,Platform Engineering,Platform Engineering,Risk Owner,Platform Engineering,2026-01-01,2026-01-01,2026-01-15,False,14,,,,,,not_verified,conditional_pass,conditional_pass,Track upstream fix availability and rebuild the image when a fix is published.,Product Security;Technical Owner,Rebuild on an updated base image or apply a compensating control when no fix exists.,outputs/security/appsec/raw/trivy.json,626385e63ddc2c999f9c43fd859bfee141a1575e4de93e7de36c9723fb59eaed,outputs/security/integration/finding-source-lineage.json;outputs/security/findings/finding-source-map.json,"{""contract_name"":""product-security-control-plane-export"",""deployment_status"":""not_deployed"",""producer"":""devsecops-application-security-pipeline"",""producer_repository"":""devsecops-application-security-pipeline"",""producer_schema_version"":""1.0""}"
1.0,EXP-7D2AEEEFA44A,FND-CONTAINER-b26883cf2982,FND-CONTAINER-b26883cf2982,trivy,Container,Container,perl-base CVE-2026-13221,"Perl versions through 5.43.9 produce silently incorrect regular expression matches when an alternation of more than 65535 fixed string branches is compiled into a trie in Perl_study_chunk.

When such branches are combined into a trie, the delta between the first branch and the shared tail is stored in a 16-bit field. A branch count above 65535 overflows the field, and the trie's match decision table is truncated with no warning or error.

A pattern of this shape produces false positive matches (matching strings it should not) and false negative matches (failing to match strings it should). When such a pattern gates an access or filtering decision, the result is wrong.",critical,62.25,P2,triaged,triaged,triaged,triaged,AST-CONTAINER,container_image,high,medium,not_deployed,not_deployed,genomic-research-access-api,,devsecops-application-security-pipeline,devsecops-application-security-pipeline:milestone5 (debian 13.6),,,,perl-base,5.40.1-6,,CVE-2026-13221,,,,,THR-SUPPLY-001,SR-CONTAINER-001,,Platform Engineering,Platform Engineering,Risk Owner,Platform Engineering,2026-01-01,2026-01-01,2026-01-04,False,3,,,,,,not_verified,conditional_pass,conditional_pass,Track upstream fix availability and rebuild the image when a fix is published.,Product Security;Technical Owner,Rebuild on an updated base image or apply a compensating control when no fix exists.,outputs/security/appsec/raw/trivy.json,339d7f5eeb571bdb9b51e1685e50e353d4783f32caff0a2045bc5feff3e8dbe8,outputs/security/integration/finding-source-lineage.json;outputs/security/findings/finding-source-map.json,"{""contract_name"":""product-security-control-plane-export"",""deployment_status"":""not_deployed"",""producer"":""devsecops-application-security-pipeline"",""producer_repository"":""devsecops-application-security-pipeline"",""producer_schema_version"":""1.0""}"
1.0,EXP-D8D0F5136671,FND-CONTAINER-ba223b9333c9,FND-CONTAINER-ba223b9333c9,trivy,Container,Container,libsmartcols1 CVE-2026-53615,"Package updates are available for Amazon Linux 2023 that fix the following vulnerabilities:
CVE-2026-53615:
	Integer Overflow or Wraparound in libblkid/src/partitions/dos.c
",high,56.25,P3,triaged,triaged,triaged,triaged,AST-CONTAINER,container_image,high,medium,not_deployed,not_deployed,genomic-research-access-api,,devsecops-application-security-pipeline,devsecops-application-security-pipeline:milestone5 (debian 13.6),,,,libsmartcols1,2.41-5,,CVE-2026-53615,,,,,THR-SUPPLY-001,SR-CONTAINER-001,,Platform Engineering,Platform Engineering,Risk Owner,Platform Engineering,2026-01-01,2026-01-01,2026-01-15,False,14,,,,,,not_verified,conditional_pass,conditional_pass,Track upstream fix availability and rebuild the image when a fix is published.,Product Security;Technical Owner,Rebuild on an updated base image or apply a compensating control when no fix exists.,outputs/security/appsec/raw/trivy.json,17e283afb9f4765fa52222b7d79c3287457f9b0fa1c1bd5e388efa79ff70e905,outputs/security/integration/finding-source-lineage.json;outputs/security/findings/finding-source-map.json,"{""contract_name"":""product-security-control-plane-export"",""deployment_status"":""not_deployed"",""producer"":""devsecops-application-security-pipeline"",""producer_repository"":""devsecops-application-security-pipeline"",""producer_schema_version"":""1.0""}"
1.0,EXP-683CAE9975BE,FND-CONTAINER-c118af042a95,FND-CONTAINER-c118af042a95,trivy,Container,Container,perl-base CVE-2026-57432,"Perl versions through 5.43.10 have an integer overflow in S_measure_struct leading to an out-of-bounds heap read in pack and unpack.

S_measure_struct adds each item's size times its repeat count to a running total with no overflow check, so a large repeat count in a pack or unpack template wraps the signed SSize_t total negative. The @, X, and x position codes then guard their moves with a signed length comparison that passes when the length is negative, advancing the buffer pointer out of bounds.

A template derived from untrusted input can read heap memory past the buffer and return it to the caller.",high,56.25,P3,triaged,triaged,triaged,triaged,AST-CONTAINER,container_image,high,medium,not_deployed,not_deployed,genomic-research-access-api,,devsecops-application-security-pipeline,devsecops-application-security-pipeline:milestone5 (debian 13.6),,,,perl-base,5.40.1-6,,CVE-2026-57432,,,,,THR-SUPPLY-001,SR-CONTAINER-001,,Platform Engineering,Platform Engineering,Risk Owner,Platform Engineering,2026-01-01,2026-01-01,2026-01-15,False,14,,,,,,not_verified,conditional_pass,conditional_pass,Track upstream fix availability and rebuild the image when a fix is published.,Product Security;Technical Owner,Rebuild on an updated base image or apply a compensating control when no fix exists.,outputs/security/appsec/raw/trivy.json,d1f873b913c1f62e05f1ed7db3d519743d31c1470b57c5968c5669f94908f66c,outputs/security/integration/finding-source-lineage.json;outputs/security/findings/finding-source-map.json,"{""contract_name"":""product-security-control-plane-export"",""deployment_status"":""not_deployed"",""producer"":""devsecops-application-security-pipeline"",""producer_repository"":""devsecops-application-security-pipeline"",""producer_schema_version"":""1.0""}"
1.0,EXP-BC7DAE053544,FND-CONTAINER-c1e6ced9904f,FND-CONTAINER-c1e6ced9904f,trivy,Container,Container,ncurses-bin CVE-2025-69720,The infocmp command-line tool in ncurses before 6.5-20251213 has a stack-based buffer overflow in analyze_string in progs/infocmp.c.,high,56.25,P3,triaged,triaged,triaged,triaged,AST-CONTAINER,container_image,high,medium,not_deployed,not_deployed,genomic-research-access-api,,devsecops-application-security-pipeline,devsecops-application-security-pipeline:milestone5 (debian 13.6),,,,ncurses-bin,6.5+20250216-2,,CVE-2025-69720,,,,,THR-SUPPLY-001,SR-CONTAINER-001,,Platform Engineering,Platform Engineering,Risk Owner,Platform Engineering,2026-01-01,2026-01-01,2026-01-15,False,14,,,,,,not_verified,conditional_pass,conditional_pass,Track upstream fix availability and rebuild the image when a fix is published.,Product Security;Technical Owner,Rebuild on an updated base image or apply a compensating control when no fix exists.,outputs/security/appsec/raw/trivy.json,523a039694be5bfee86918e0240ab8cbecd151480498b7cdaf012ba7df3b5596,outputs/security/integration/finding-source-lineage.json;outputs/security/findings/finding-source-map.json,"{""contract_name"":""product-security-control-plane-export"",""deployment_status"":""not_deployed"",""producer"":""devsecops-application-security-pipeline"",""producer_repository"":""devsecops-application-security-pipeline"",""producer_schema_version"":""1.0""}"
1.0,EXP-A04D71447940,FND-CONTAINER-c7563eb73df0,FND-CONTAINER-c7563eb73df0,trivy,Container,Container,gzip CVE-2026-41992,"GNU gzip contains a global buffer overflow vulnerability in the LZH decompression logic caused by improper reuse of shared global state between different decompression formats within a single execution. GNU gzip maintains a global array that is shared across the LZ77, LZW, and LZH decompression routines and is not reinitialized between files processed in the same invocation.
By decompressing a specially crafted LZW file followed by a specially crafted LZH file in a single gzip -d command, an attacker can poison the shared global state and subsequently trigger an out‑of‑bounds read in the LZH decoder. The LZH decompression logic follows stale values left in the shared array, causing reads past the end of the allocated global buffer.

This issue has been fixed in the commit 63dbf6b3b9e6e781df1a6a64e609b10e23969681",high,56.25,P3,triaged,triaged,triaged,triaged,AST-CONTAINER,container_image,high,medium,not_deployed,not_deployed,genomic-research-access-api,,devsecops-application-security-pipeline,devsecops-application-security-pipeline:milestone5 (debian 13.6),,,,gzip,1.13-1,,CVE-2026-41992,,,,,THR-SUPPLY-001,SR-CONTAINER-001,,Platform Engineering,Platform Engineering,Risk Owner,Platform Engineering,2026-01-01,2026-01-01,2026-01-15,False,14,,,,,,not_verified,conditional_pass,conditional_pass,Track upstream fix availability and rebuild the image when a fix is published.,Product Security;Technical Owner,Rebuild on an updated base image or apply a compensating control when no fix exists.,outputs/security/appsec/raw/trivy.json,e21a715f787dbd62f33835df7ff922c7ffa88da153e5f57483608dceb3fae234,outputs/security/integration/finding-source-lineage.json;outputs/security/findings/finding-source-map.json,"{""contract_name"":""product-security-control-plane-export"",""deployment_status"":""not_deployed"",""producer"":""devsecops-application-security-pipeline"",""producer_repository"":""devsecops-application-security-pipeline"",""producer_schema_version"":""1.0""}"
1.0,EXP-CD9451796A65,FND-CONTAINER-d0df15bb32ed,FND-CONTAINER-d0df15bb32ed,trivy,Container,Container,login CVE-2026-53615,"Package updates are available for Amazon Linux 2023 that fix the following vulnerabilities:
CVE-2026-53615:
	Integer Overflow or Wraparound in libblkid/src/partitions/dos.c
",high,56.25,P3,triaged,triaged,triaged,triaged,AST-CONTAINER,container_image,high,medium,not_deployed,not_deployed,genomic-research-access-api,,devsecops-application-security-pipeline,devsecops-application-security-pipeline:milestone5 (debian 13.6),,,,login,1:4.16.0-2+really2.41-5,,CVE-2026-53615,,,,,THR-SUPPLY-001,SR-CONTAINER-001,,Platform Engineering,Platform Engineering,Risk Owner,Platform Engineering,2026-01-01,2026-01-01,2026-01-15,False,14,,,,,,not_verified,conditional_pass,conditional_pass,Track upstream fix availability and rebuild the image when a fix is published.,Product Security;Technical Owner,Rebuild on an updated base image or apply a compensating control when no fix exists.,outputs/security/appsec/raw/trivy.json,d626c5c7169b96509f9fa24734f1c94b621b7c521f788bd986cf2581ff9ab9bc,outputs/security/integration/finding-source-lineage.json;outputs/security/findings/finding-source-map.json,"{""contract_name"":""product-security-control-plane-export"",""deployment_status"":""not_deployed"",""producer"":""devsecops-application-security-pipeline"",""producer_repository"":""devsecops-application-security-pipeline"",""producer_schema_version"":""1.0""}"
1.0,EXP-C3A12BE5921F,FND-CONTAINER-ef0f3e5e6558,FND-CONTAINER-ef0f3e5e6558,trivy,Container,Container,mount CVE-2026-53615,"Package updates are available for Amazon Linux 2023 that fix the following vulnerabilities:
CVE-2026-53615:
	Integer Overflow or Wraparound in libblkid/src/partitions/dos.c
",high,56.25,P3,triaged,triaged,triaged,triaged,AST-CONTAINER,container_image,high,medium,not_deployed,not_deployed,genomic-research-access-api,,devsecops-application-security-pipeline,devsecops-application-security-pipeline:milestone5 (debian 13.6),,,,mount,2.41-5,,CVE-2026-53615,,,,,THR-SUPPLY-001,SR-CONTAINER-001,,Platform Engineering,Platform Engineering,Risk Owner,Platform Engineering,2026-01-01,2026-01-01,2026-01-15,False,14,,,,,,not_verified,conditional_pass,conditional_pass,Track upstream fix availability and rebuild the image when a fix is published.,Product Security;Technical Owner,Rebuild on an updated base image or apply a compensating control when no fix exists.,outputs/security/appsec/raw/trivy.json,a4953d8ab310a0e7afc866456c7d90ed1841224bb1d3a23eb9289efe81e5aa20,outputs/security/integration/finding-source-lineage.json;outputs/security/findings/finding-source-map.json,"{""contract_name"":""product-security-control-plane-export"",""deployment_status"":""not_deployed"",""producer"":""devsecops-application-security-pipeline"",""producer_repository"":""devsecops-application-security-pipeline"",""producer_schema_version"":""1.0""}"
1.0,EXP-6166F5BB25A6,FND-DAST-7f68e8fb688f,FND-DAST-7f68e8fb688f,zap,DAST,DAST,ZAP is Out of Date,<p>The version of ZAP you are using to test your app is out of date and is no longer being updated.</p><p>The risk level is set based on how out of date your ZAP version is.</p>,low,52.25,P3,false_positive,false_positive,false_positive,false_positive,AST-APP-FASTAPI,application,high,high,planned,locally_validated,genomic-research-access-api,,devsecops-application-security-pipeline,,http://host.docker.internal:8000,,,,,,,CWE-1104,,,,THR-API-001;THR-API-002,SR-API-001;SR-API-003,,Application Engineering,Application Engineering,Risk Owner,Application Engineering,2026-01-01,2026-01-01,2026-03-02,False,60,,,,,,not_verified,conditional_pass,warn,Review during normal maintenance.,,<p>Download the latest version of ZAP from https://www.zaproxy.org/download/ and install it.</p>,outputs/security/dynamic/raw/zap-report.json,b1af271ad6b3ea9f4f8f58c3f8a78eb66f7528305954623d97859e3a0f525cfb,outputs/security/integration/finding-source-lineage.json;outputs/security/findings/finding-source-map.json,"{""contract_name"":""product-security-control-plane-export"",""deployment_status"":""not_deployed"",""producer"":""devsecops-application-security-pipeline"",""producer_repository"":""devsecops-application-security-pipeline"",""producer_schema_version"":""1.0""}"
1.0,EXP-173B8CE6BF87,FND-DAST-e607d905531a,FND-DAST-e607d905531a,zap,DAST,DAST,Storable and Cacheable Content,"<p>The response contents are storable by caching components such as proxy servers, and may be retrieved directly from the cache, rather than from the origin server by the caching servers, in response to similar requests from other users. If the response data is sensitive, personal or user-specific, this may result in sensitive information being leaked. In some cases, this may even result in a user gaining complete control of the session of another user, depending on the configuration of the caching components in use in their environment. This is primarily an issue where ""shared"" caching servers such as ""proxy"" caches are configured on the local network. This configuration is typically found in corporate or educational environments, for instance.</p>",informational,46.25,P3,triaged,triaged,triaged,triaged,AST-APP-FASTAPI,application,high,high,planned,locally_validated,genomic-research-access-api,,devsecops-application-security-pipeline,,http://host.docker.internal:8000,,,,,,,CWE-524,,,,THR-API-001;THR-API-002,SR-API-001;SR-API-003,,Application Engineering,Application Engineering,Risk Owner,Application Engineering,2026-01-01,2026-01-01,2026-04-01,False,90,,,,,,not_verified,conditional_pass,warn,Review during normal maintenance.,,"<p>Validate that the response does not contain sensitive, personal or user-specific information. If it does, consider the use of the following HTTP response headers, to limit, or prevent the content being stored and retrieved from the cache by another user:</p><p>Cache-Control: no-cache, no-store, must-revalidate, private</p><p>Pragma: no-cache</p><p>Expires: 0</p><p>This configuration directs both HTTP 1.0 and HTTP 1.1 compliant caching servers to not store the response, and to not retrieve the response (without validation) from the cache, in response to a similar request.</p>",outputs/security/dynamic/raw/zap-report.json,3a760ee8d162f8253912d818d5c1e680ad6c2e4c23365ddddabf6f49353788b3,outputs/security/integration/finding-source-lineage.json;outputs/security/findings/finding-source-map.json,"{""contract_name"":""product-security-control-plane-export"",""deployment_status"":""not_deployed"",""producer"":""devsecops-application-security-pipeline"",""producer_repository"":""devsecops-application-security-pipeline"",""producer_schema_version"":""1.0""}"
1.0,EXP-188501BE1507,FND-SECUREDESI-0e84d1c52550,FND-SECUREDESI-0e84d1c52550,threat-model,Threat Model,Secure Design,Residual design risk RR-009,Future deployment identity risks remain until deployment workflows are activated.,medium,59.75,P3,triaged,triaged,triaged,triaged,AST-APP-FASTAPI,application,high,high,planned,locally_validated,genomic-research-access-api,,devsecops-application-security-pipeline,threat-model,RR-009,,,,,,,,,,,THR-CI-001,SR-API-001;SR-API-003,,Product Security,Product Security,Risk Owner,Product Security,2026-01-01,2026-01-01,2026-01-31,False,30,,,,,,not_verified,conditional_pass,warn,Track remediation within SLA.,,,docs/threat-model/residual-risk-register.yaml,888056ce7dffb2529e5e956ee9f01a4febb7bf1665110dde96a54e98a958116c,outputs/security/integration/finding-source-lineage.json;outputs/security/findings/finding-source-map.json,"{""contract_name"":""product-security-control-plane-export"",""deployment_status"":""not_deployed"",""producer"":""devsecops-application-security-pipeline"",""producer_repository"":""devsecops-application-security-pipeline"",""producer_schema_version"":""1.0""}"
1.0,EXP-81C58FDA6403,FND-SECUREDESI-17c88481ce5d,FND-SECUREDESI-17c88481ce5d,threat-model,Threat Model,Secure Design,Residual design risk RR-003,A local application rate limiter is implemented for deterministic dynamic validation; production quota controls are not yet deployed.,medium,59.75,P3,triaged,triaged,triaged,triaged,AST-APP-FASTAPI,application,high,high,planned,locally_validated,genomic-research-access-api,,devsecops-application-security-pipeline,threat-model,RR-003,,,,,,,,,,,THR-API-005;THR-API-006,SR-API-001;SR-API-003,,Product Security,Product Security,Risk Owner,Product Security,2026-01-01,2026-01-01,2026-01-31,False,30,,,,,,not_verified,conditional_pass,warn,Track remediation within SLA.,,,docs/threat-model/residual-risk-register.yaml,f7f53b7093b31244d6dece0fbed233048d0071e5b857827fbd05547fed86dcbd,outputs/security/integration/finding-source-lineage.json;outputs/security/findings/finding-source-map.json,"{""contract_name"":""product-security-control-plane-export"",""deployment_status"":""not_deployed"",""producer"":""devsecops-application-security-pipeline"",""producer_repository"":""devsecops-application-security-pipeline"",""producer_schema_version"":""1.0""}"
1.0,EXP-6CD8A81614A0,FND-SECUREDESI-667c88d66538,FND-SECUREDESI-667c88d66538,threat-model,Threat Model,Secure Design,Residual design risk RR-005,Core AppSec scanners are configured; release provenance and some local Docker-backed scans remain future or environment-dependent.,medium,59.75,P3,triaged,triaged,triaged,triaged,AST-APP-FASTAPI,application,high,high,planned,locally_validated,genomic-research-access-api,,devsecops-application-security-pipeline,threat-model,RR-005,,,,,,,,,,,THR-SECRETS-001;THR-SUPPLY-001;THR-SUPPLY-002;THR-SUPPLY-003,SR-API-001;SR-API-003,,Product Security,Product Security,Risk Owner,Product Security,2026-01-01,2026-01-01,2026-01-31,False,30,,,,,,not_verified,conditional_pass,warn,Track remediation within SLA.,,,docs/threat-model/residual-risk-register.yaml,e0b3bb1094bc71b609da0f156ab3f3025460d993d91040b77a647ba2d281c5e5,outputs/security/integration/finding-source-lineage.json;outputs/security/findings/finding-source-map.json,"{""contract_name"":""product-security-control-plane-export"",""deployment_status"":""not_deployed"",""producer"":""devsecops-application-security-pipeline"",""producer_repository"":""devsecops-application-security-pipeline"",""producer_schema_version"":""1.0""}"
1.0,EXP-9289626FF591,FND-SECUREDESI-77c7990be9b8,FND-SECUREDESI-77c7990be9b8,threat-model,Threat Model,Secure Design,Residual design risk RR-007,"Container hardening includes non-root runtime and pinned Trivy scan wiring, but local image scans depend on Docker availability.",medium,59.75,P3,triaged,triaged,triaged,triaged,AST-APP-FASTAPI,application,high,high,planned,locally_validated,genomic-research-access-api,,devsecops-application-security-pipeline,threat-model,RR-007,,,,,,,,,,,THR-CONTAINER-001;THR-CONTAINER-002,SR-API-001;SR-API-003,,Product Security,Product Security,Risk Owner,Product Security,2026-01-01,2026-01-01,2026-01-31,False,30,,,,,,not_verified,conditional_pass,warn,Track remediation within SLA.,,,docs/threat-model/residual-risk-register.yaml,422b7bb1144efcbe6a81f228eb063b9416d7d6ba2dfedd1e755b8afa6119fb92,outputs/security/integration/finding-source-lineage.json;outputs/security/findings/finding-source-map.json,"{""contract_name"":""product-security-control-plane-export"",""deployment_status"":""not_deployed"",""producer"":""devsecops-application-security-pipeline"",""producer_repository"":""devsecops-application-security-pipeline"",""producer_schema_version"":""1.0""}"
1.0,EXP-B0D32A638B54,FND-SECUREDESI-ac50e3235345,FND-SECUREDESI-ac50e3235345,threat-model,Threat Model,Secure Design,Residual design risk RR-001,Local RS256 JWT authentication exists; external production identity provider integration remains future work.,medium,59.75,P3,triaged,triaged,triaged,triaged,AST-APP-FASTAPI,application,high,high,planned,locally_validated,genomic-research-access-api,,devsecops-application-security-pipeline,threat-model,RR-001,,,,,,,,,,,THR-AUTH-001;THR-AUTH-002,SR-API-001;SR-API-003,,Product Security,Product Security,Risk Owner,Product Security,2026-01-01,2026-01-01,2026-01-31,False,30,,,,,,not_verified,conditional_pass,warn,Track remediation within SLA.,,,docs/threat-model/residual-risk-register.yaml,54384db10434b5d2fcf0ed13bcba81e3d7afe30a41b7dcbaf5b96462c9f1ec41,outputs/security/integration/finding-source-lineage.json;outputs/security/findings/finding-source-map.json,"{""contract_name"":""product-security-control-plane-export"",""deployment_status"":""not_deployed"",""producer"":""devsecops-application-security-pipeline"",""producer_repository"":""devsecops-application-security-pipeline"",""producer_schema_version"":""1.0""}"
1.0,EXP-073E26724F4E,FND-SECUREDESI-e7cd910bd1f6,FND-SECUREDESI-e7cd910bd1f6,threat-model,Threat Model,Secure Design,Residual design risk RR-006,"Cloud IAM, encrypted storage and Terraform controls are configured as code, but no cloud deployment exists.",medium,59.75,P3,triaged,triaged,triaged,triaged,AST-APP-FASTAPI,application,high,high,planned,locally_validated,genomic-research-access-api,,devsecops-application-security-pipeline,threat-model,RR-006,,,,,,,,,,,THR-IAM-001;THR-IAM-002;THR-IAC-001;THR-IAC-002,SR-API-001;SR-API-003,,Product Security,Product Security,Risk Owner,Product Security,2026-01-01,2026-01-01,2026-01-31,False,30,,,,,,not_verified,conditional_pass,warn,Track remediation within SLA.,,,docs/threat-model/residual-risk-register.yaml,2f0278b435c138638f675f66977509fa42651b0de1c3fd9d02f12a1643b21007,outputs/security/integration/finding-source-lineage.json;outputs/security/findings/finding-source-map.json,"{""contract_name"":""product-security-control-plane-export"",""deployment_status"":""not_deployed"",""producer"":""devsecops-application-security-pipeline"",""producer_repository"":""devsecops-application-security-pipeline"",""producer_schema_version"":""1.0""}"
1.0,EXP-A5C3623EEAB8,FND-SUPPRESSIO-1065083a8d4b,FND-SUPPRESSIO-1065083a8d4b,checkov,IaC,Suppression Governance,Suppressed checkov finding CKV2_AWS_5,Security group is attached to the ECS service through a module output/input boundary that Checkov does not resolve.,high,67.25,P2,risk_accepted,risk_accepted,risk_accepted,risk_accepted,AST-TERRAFORM,infrastructure_code,high,high,planned,not_deployed,genomic-research-access-api,,devsecops-application-security-pipeline,,aws_security_group.ecs_tasks,,,,,,,,,,,THR-CLOUD-001,SR-INFRA-001,,Cloud Platform Security,Cloud Security,Risk Owner,Cloud Security,2026-01-01,2026-01-01,2027-01-12,False,376,SUP-CHECKOV-SG-MODULE-GRAPH-002,active,EXC-2a432868284d,active,2026-01-10,not_verified,conditional_pass,conditional_pass,Review reference infrastructure control before production deployment.;Review the suppression before expiry and keep compensating controls current.,Cloud Security;Product Security;Risk Owner,Review suppression before expiry; remediate if compensating control is no longer valid.,security/config/suppressions.yaml,668876439fba65825a37f42ccec2dfe42a993aa7434aa9a7e3563284fe4bed19,outputs/security/integration/finding-source-lineage.json;outputs/security/findings/finding-source-map.json,"{""contract_name"":""product-security-control-plane-export"",""deployment_status"":""not_deployed"",""producer"":""devsecops-application-security-pipeline"",""producer_repository"":""devsecops-application-security-pipeline"",""producer_schema_version"":""1.0""}"
1.0,EXP-D8BB06456282,FND-SUPPRESSIO-47693ff859ed,FND-SUPPRESSIO-47693ff859ed,checkov,IaC,Suppression Governance,Suppressed checkov finding CKV2_AWS_57,Secret value is populated outside Terraform; automatic rotation requires an application-specific rotation Lambda outside Milestone 5 scope.,high,67.25,P2,assigned,assigned,assigned,assigned,AST-TERRAFORM,infrastructure_code,high,high,planned,not_deployed,genomic-research-access-api,,devsecops-application-security-pipeline,,aws_secretsmanager_secret.application_config,,,,,,,,,,,THR-CLOUD-001,SR-INFRA-001,,Cloud Platform Security,Cloud Security,Risk Owner,Cloud Security,2026-01-01,2026-01-01,2027-01-12,False,376,SUP-CHECKOV-SECRETS-ROTATION-001,active,EXC-d7825aabab9c,expired,2025-12-31,not_verified,conditional_pass,conditional_pass,Review reference infrastructure control before production deployment.;Review the suppression before expiry and keep compensating controls current.,Cloud Security;Product Security;Risk Owner,Review suppression before expiry; remediate if compensating control is no longer valid.,security/config/suppressions.yaml,988923802bd6a9dc2468f1a9d5d5bc1d7685b5c3d70696327ec063201e99ad99,outputs/security/integration/finding-source-lineage.json;outputs/security/findings/finding-source-map.json,"{""contract_name"":""product-security-control-plane-export"",""deployment_status"":""not_deployed"",""producer"":""devsecops-application-security-pipeline"",""producer_repository"":""devsecops-application-security-pipeline"",""producer_schema_version"":""1.0""}"
1.0,EXP-FD6853EA0D53,FND-SUPPRESSIO-65201925e5c5,FND-SUPPRESSIO-65201925e5c5,checkov,IaC,Suppression Governance,Suppressed checkov finding CKV_AWS_260,Public port 80 is intentionally exposed only for HTTP-to-HTTPS redirect compatibility.,high,67.25,P2,triaged,triaged,triaged,triaged,AST-TERRAFORM,infrastructure_code,high,high,planned,not_deployed,genomic-research-access-api,,devsecops-application-security-pipeline,,aws_security_group.alb,,,,,,,,,,,THR-CLOUD-001,SR-INFRA-001,,Cloud Platform Security,Cloud Security,Risk Owner,Cloud Security,2026-01-01,2026-01-01,2027-01-12,False,376,SUP-CHECKOV-ALB-PORT80-001,active,,,,not_verified,conditional_pass,conditional_pass,Review reference infrastructure control before production deployment.;Review the suppression before expiry and keep compensating controls current.,Cloud Security;Product Security;Risk Owner,Review suppression before expiry; remediate if compensating control is no longer valid.,security/config/suppressions.yaml,a75acb1213420f66706220438f3cb82855c1739e4431ee9e4c7075fa43d3d2d0,outputs/security/integration/finding-source-lineage.json;outputs/security/findings/finding-source-map.json,"{""contract_name"":""product-security-control-plane-export"",""deployment_status"":""not_deployed"",""producer"":""devsecops-application-security-pipeline"",""producer_repository"":""devsecops-application-security-pipeline"",""producer_schema_version"":""1.0""}"
1.0,EXP-7E9AC4CAA9D4,FND-SUPPRESSIO-68e51d21b290,FND-SUPPRESSIO-68e51d21b290,checkov,IaC,Suppression Governance,Suppressed checkov finding CKV2_AWS_57,Secret value is populated outside Terraform; automatic rotation requires an application-specific rotation Lambda outside Milestone 5 scope.,high,67.25,P2,triaged,triaged,triaged,triaged,AST-TERRAFORM,infrastructure_code,high,high,planned,not_deployed,genomic-research-access-api,,devsecops-application-security-pipeline,,aws_secretsmanager_secret.jwt_public_key,,,,,,,,,,,THR-CLOUD-001,SR-INFRA-001,,Cloud Platform Security,Cloud Security,Risk Owner,Cloud Security,2026-01-01,2026-01-01,2027-01-12,False,376,SUP-CHECKOV-SECRETS-ROTATION-002,active,,,,not_verified,conditional_pass,conditional_pass,Review reference infrastructure control before production deployment.;Review the suppression before expiry and keep compensating controls current.,Cloud Security;Product Security;Risk Owner,Review suppression before expiry; remediate if compensating control is no longer valid.,security/config/suppressions.yaml,ce61bc17686324738aef1c4ad94fc7072a144c13e7be44c8b1c958c34ee6f285,outputs/security/integration/finding-source-lineage.json;outputs/security/findings/finding-source-map.json,"{""contract_name"":""product-security-control-plane-export"",""deployment_status"":""not_deployed"",""producer"":""devsecops-application-security-pipeline"",""producer_repository"":""devsecops-application-security-pipeline"",""producer_schema_version"":""1.0""}"
1.0,EXP-5C16FC1CE63C,FND-SUPPRESSIO-6dce772b98c3,FND-SUPPRESSIO-6dce772b98c3,checkov,IaC,Suppression Governance,"Suppressed checkov finding CKV_AWS_109,CKV_AWS_111,CKV_AWS_356",KMS key policies attached directly to a key must use Resource '*' while principals and actions carry the effective scope.,high,67.25,P2,triaged,triaged,triaged,triaged,AST-TERRAFORM,infrastructure_code,high,high,planned,not_deployed,genomic-research-access-api,,devsecops-application-security-pipeline,,aws_iam_policy_document.application_data,,,,,,,,,,,THR-CLOUD-001,SR-INFRA-001,,Cloud Platform Security,Cloud Security,Risk Owner,Cloud Security,2026-01-01,2026-01-01,2027-01-12,False,376,SUP-CHECKOV-KMS-KEYPOLICY-001,active,,,,not_verified,conditional_pass,conditional_pass,Review reference infrastructure control before production deployment.;Review the suppression before expiry and keep compensating controls current.,Cloud Security;Product Security;Risk Owner,Review suppression before expiry; remediate if compensating control is no longer valid.,security/config/suppressions.yaml,ab159a55d34124ca29c51c06f36ec6bb92a78a4d31be53da10a26cc806466904,outputs/security/integration/finding-source-lineage.json;outputs/security/findings/finding-source-map.json,"{""contract_name"":""product-security-control-plane-export"",""deployment_status"":""not_deployed"",""producer"":""devsecops-application-security-pipeline"",""producer_repository"":""devsecops-application-security-pipeline"",""producer_schema_version"":""1.0""}"
1.0,EXP-A54AC0B4AE33,FND-SUPPRESSIO-713bb8f041d7,FND-SUPPRESSIO-713bb8f041d7,checkov,IaC,Suppression Governance,Suppressed checkov finding CKV_AWS_358,"OIDC subject is exact but composed from Terraform variables across the environment/module boundary, which Checkov cannot resolve as a known organization.",high,67.25,P2,triaged,triaged,triaged,triaged,AST-TERRAFORM,infrastructure_code,high,high,planned,not_deployed,genomic-research-access-api,,devsecops-application-security-pipeline,,aws_iam_policy_document.github_oidc_assume,,,,,,,,,,,THR-CLOUD-001,SR-INFRA-001,,Cloud Platform Security,Cloud Security,Risk Owner,Cloud Security,2026-01-01,2026-01-01,2027-01-12,False,376,SUP-CHECKOV-GITHUB-OIDC-MODULE-GRAPH-001,active,,,,not_verified,conditional_pass,conditional_pass,Review reference infrastructure control before production deployment.;Review the suppression before expiry and keep compensating controls current.,Cloud Security;Product Security;Risk Owner,Review suppression before expiry; remediate if compensating control is no longer valid.,security/config/suppressions.yaml,05e22502a038b2e81f65903fc791b4c106105f0fc80109f4eb2502940471e1eb,outputs/security/integration/finding-source-lineage.json;outputs/security/findings/finding-source-map.json,"{""contract_name"":""product-security-control-plane-export"",""deployment_status"":""not_deployed"",""producer"":""devsecops-application-security-pipeline"",""producer_repository"":""devsecops-application-security-pipeline"",""producer_schema_version"":""1.0""}"
1.0,EXP-DD34A1A2257A,FND-SUPPRESSIO-7b3ddcaa6af8,FND-SUPPRESSIO-7b3ddcaa6af8,checkov,IaC,Suppression Governance,Suppressed checkov finding CKV_AWS_2,Port 80 listener is retained only to redirect HTTP clients to HTTPS; production has a Terraform precondition that prevents HTTP-only listener configuration.,high,67.25,P2,triaged,triaged,triaged,triaged,AST-TERRAFORM,infrastructure_code,high,high,planned,not_deployed,genomic-research-access-api,,devsecops-application-security-pipeline,,aws_lb_listener.http,,,,,,,,,,,THR-CLOUD-001,SR-INFRA-001,,Cloud Platform Security,Cloud Security,Risk Owner,Cloud Security,2026-01-01,2026-01-01,2027-01-12,False,376,SUP-CHECKOV-ALB-HTTP-REDIRECT-001,active,,,,not_verified,conditional_pass,conditional_pass,Review reference infrastructure control before production deployment.;Review the suppression before expiry and keep compensating controls current.,Cloud Security;Product Security;Risk Owner,Review suppression before expiry; remediate if compensating control is no longer valid.,security/config/suppressions.yaml,35c48118274e8ddcc6ac946cd52f6710889396a0c862a14fbaef8566bf30e2ca,outputs/security/integration/finding-source-lineage.json;outputs/security/findings/finding-source-map.json,"{""contract_name"":""product-security-control-plane-export"",""deployment_status"":""not_deployed"",""producer"":""devsecops-application-security-pipeline"",""producer_repository"":""devsecops-application-security-pipeline"",""producer_schema_version"":""1.0""}"
1.0,EXP-7E3448B2A958,FND-SUPPRESSIO-836cb2a2770d,FND-SUPPRESSIO-836cb2a2770d,gitleaks,Secret,Suppression Governance,Suppressed gitleaks finding jwt-signing-material-outside-fixtures,"Milestone 13 committed a private-key-shaped string as a validator test marker. Milestone 14 replaces the current test marker with a non-secret synthetic marker, while Gitleaks still scans Git history.",critical,73.25,P2,triaged,triaged,triaged,triaged,AST-APP-FASTAPI,application,high,high,planned,locally_validated,genomic-research-access-api,,devsecops-application-security-pipeline,,commit:d09a9b93c14176b23908de97be3c3907e5d29ec2;tests/security/test_integration_contract.py:164,,,,,,,,,,,THR-API-001;THR-API-002,SR-API-001;SR-API-003,,Application Engineering,Application Engineering,Risk Owner,Application Engineering,2026-01-01,2026-01-01,2026-10-14,False,286,SUP-GITLEAKS-MS13-HISTORY-MARKER-001,active,,,,not_verified,conditional_pass,conditional_pass,Review the suppression before expiry and keep compensating controls current.,Product Security,Review suppression before expiry; remediate if compensating control is no longer valid.,security/config/suppressions.yaml,f70d1e7f2182bbde62a8f2cff710d336b48c0655c4b318a0c3d503d242679272,outputs/security/integration/finding-source-lineage.json;outputs/security/findings/finding-source-map.json,"{""contract_name"":""product-security-control-plane-export"",""deployment_status"":""not_deployed"",""producer"":""devsecops-application-security-pipeline"",""producer_repository"":""devsecops-application-security-pipeline"",""producer_schema_version"":""1.0""}"
1.0,EXP-1F4ABC3EC90A,FND-SUPPRESSIO-8632c434b354,FND-SUPPRESSIO-8632c434b354,checkov,IaC,Suppression Governance,Suppressed checkov finding CKV_AWS_144,Milestone 5 validates a single-region AWS reference architecture; cross-region CloudTrail log replication requires a second-region provider and destination bucket outside the current milestone scope.,high,67.25,P2,triaged,triaged,triaged,triaged,AST-TERRAFORM,infrastructure_code,high,high,planned,not_deployed,genomic-research-access-api,,devsecops-application-security-pipeline,,aws_s3_bucket.cloudtrail,,,,,,,,,,,THR-CLOUD-001,SR-INFRA-001,,Cloud Platform Security,Cloud Security,Risk Owner,Cloud Security,2026-01-01,2026-01-01,2027-01-12,False,376,SUP-CHECKOV-AUDIT-REPLICATION-001,active,,,,not_verified,conditional_pass,conditional_pass,Review reference infrastructure control before production deployment.;Review the suppression before expiry and keep compensating controls current.,Cloud Security;Product Security;Risk Owner,Review suppression before expiry; remediate if compensating control is no longer valid.,security/config/suppressions.yaml,b9e317b7d230a0ef62b39af8590c5ebed5ecf906ad2b2d02e3f0585b514a1930,outputs/security/integration/finding-source-lineage.json;outputs/security/findings/finding-source-map.json,"{""contract_name"":""product-security-control-plane-export"",""deployment_status"":""not_deployed"",""producer"":""devsecops-application-security-pipeline"",""producer_repository"":""devsecops-application-security-pipeline"",""producer_schema_version"":""1.0""}"
1.0,EXP-8E2F390F01C5,FND-SUPPRESSIO-974e196f7185,FND-SUPPRESSIO-974e196f7185,gitleaks,Secret,Suppression Governance,Suppressed gitleaks finding private-key,Synthetic local-only RSA private key used to sign deterministic development JWTs.,critical,73.25,P2,triaged,triaged,triaged,triaged,AST-APP-FASTAPI,application,high,high,planned,locally_validated,genomic-research-access-api,,devsecops-application-security-pipeline,,tests/fixtures/keys/dev_private_key.pem,,,,,,,,,,,THR-API-001;THR-API-002,SR-API-001;SR-API-003,,Application Engineering,Application Engineering,Risk Owner,Application Engineering,2026-01-01,2026-01-01,2027-01-12,False,376,SUP-GITLEAKS-TEST-KEY-001,active,,,,not_verified,conditional_pass,conditional_pass,Review the suppression before expiry and keep compensating controls current.,Product Security,Review suppression before expiry; remediate if compensating control is no longer valid.,security/config/suppressions.yaml,11baba3473bc75ccd175f22e09caf6db0ed4475d77b42045e49e2dfd2c7398b0,outputs/security/integration/finding-source-lineage.json;outputs/security/findings/finding-source-map.json,"{""contract_name"":""product-security-control-plane-export"",""deployment_status"":""not_deployed"",""producer"":""devsecops-application-security-pipeline"",""producer_repository"":""devsecops-application-security-pipeline"",""producer_schema_version"":""1.0""}"
1.0,EXP-E397BE2BFE69,FND-SUPPRESSIO-b5c9f1d0aae2,FND-SUPPRESSIO-b5c9f1d0aae2,checkov,IaC,Suppression Governance,"Suppressed checkov finding CKV_AWS_111,CKV_AWS_356",KMS key policies attached directly to a key must use Resource '*' while principals and actions carry the effective scope.,high,67.25,P2,triaged,triaged,triaged,triaged,AST-TERRAFORM,infrastructure_code,high,high,planned,not_deployed,genomic-research-access-api,,devsecops-application-security-pipeline,,aws_iam_policy_document.secrets,,,,,,,,,,,THR-CLOUD-001,SR-INFRA-001,,Cloud Platform Security,Cloud Security,Risk Owner,Cloud Security,2026-01-01,2026-01-01,2027-01-12,False,376,SUP-CHECKOV-KMS-KEYPOLICY-002,active,,,,not_verified,conditional_pass,conditional_pass,Review reference infrastructure control before production deployment.;Review the suppression before expiry and keep compensating controls current.,Cloud Security;Product Security;Risk Owner,Review suppression before expiry; remediate if compensating control is no longer valid.,security/config/suppressions.yaml,f10764c5d015fdb580dcc060e5eb09da7b736dd949683ddb36bc4313c7d9e97a,outputs/security/integration/finding-source-lineage.json;outputs/security/findings/finding-source-map.json,"{""contract_name"":""product-security-control-plane-export"",""deployment_status"":""not_deployed"",""producer"":""devsecops-application-security-pipeline"",""producer_repository"":""devsecops-application-security-pipeline"",""producer_schema_version"":""1.0""}"
1.0,EXP-5BAB40D130C9,FND-SUPPRESSIO-d403fca790bf,FND-SUPPRESSIO-d403fca790bf,checkov,IaC,Suppression Governance,"Suppressed checkov finding CKV_AWS_111,CKV_AWS_356",KMS key policies attached directly to a key must use Resource '*' while principals and actions carry the effective scope.,high,67.25,P2,triaged,triaged,triaged,triaged,AST-TERRAFORM,infrastructure_code,high,high,planned,not_deployed,genomic-research-access-api,,devsecops-application-security-pipeline,,aws_iam_policy_document.audit,,,,,,,,,,,THR-CLOUD-001,SR-INFRA-001,,Cloud Platform Security,Cloud Security,Risk Owner,Cloud Security,2026-01-01,2026-01-01,2027-01-12,False,376,SUP-CHECKOV-KMS-KEYPOLICY-003,active,,,,not_verified,conditional_pass,conditional_pass,Review reference infrastructure control before production deployment.;Review the suppression before expiry and keep compensating controls current.,Cloud Security;Product Security;Risk Owner,Review suppression before expiry; remediate if compensating control is no longer valid.,security/config/suppressions.yaml,6b99530eff3c28e3cbf26070e1fd9dd5f6d04ab1856a3115d5177645709ebee1,outputs/security/integration/finding-source-lineage.json;outputs/security/findings/finding-source-map.json,"{""contract_name"":""product-security-control-plane-export"",""deployment_status"":""not_deployed"",""producer"":""devsecops-application-security-pipeline"",""producer_repository"":""devsecops-application-security-pipeline"",""producer_schema_version"":""1.0""}"
1.0,EXP-89560C1D00BE,FND-SUPPRESSIO-e0d3613118cd,FND-SUPPRESSIO-e0d3613118cd,checkov,IaC,Suppression Governance,Suppressed checkov finding CKV2_AWS_5,Security group is attached to the ALB through a module output/input boundary that Checkov does not resolve.,high,67.25,P2,triaged,triaged,triaged,triaged,AST-TERRAFORM,infrastructure_code,high,high,planned,not_deployed,genomic-research-access-api,,devsecops-application-security-pipeline,,aws_security_group.alb,,,,,,,,,,,THR-CLOUD-001,SR-INFRA-001,,Cloud Platform Security,Cloud Security,Risk Owner,Cloud Security,2026-01-01,2026-01-01,2027-01-12,False,376,SUP-CHECKOV-SG-MODULE-GRAPH-001,active,,,,not_verified,conditional_pass,conditional_pass,Review reference infrastructure control before production deployment.;Review the suppression before expiry and keep compensating controls current.,Cloud Security;Product Security;Risk Owner,Review suppression before expiry; remediate if compensating control is no longer valid.,security/config/suppressions.yaml,47438e238ec63b28d5e5e3fafb6aea158b880f2df13f86f337d23680fbb8c68c,outputs/security/integration/finding-source-lineage.json;outputs/security/findings/finding-source-map.json,"{""contract_name"":""product-security-control-plane-export"",""deployment_status"":""not_deployed"",""producer"":""devsecops-application-security-pipeline"",""producer_repository"":""devsecops-application-security-pipeline"",""producer_schema_version"":""1.0""}"
1.0,EXP-D350D203BAEA,FND-SUPPRESSIO-f1fb6d611749,FND-SUPPRESSIO-f1fb6d611749,checkov,IaC,Suppression Governance,Suppressed checkov finding CKV_AWS_378,TLS terminates at the ALB and backend traffic is restricted to the private ECS task security group on the application port.,high,67.25,P2,triaged,triaged,triaged,triaged,AST-TERRAFORM,infrastructure_code,high,high,planned,not_deployed,genomic-research-access-api,,devsecops-application-security-pipeline,,aws_lb_target_group.app,,,,,,,,,,,THR-CLOUD-001,SR-INFRA-001,,Cloud Platform Security,Cloud Security,Risk Owner,Cloud Security,2026-01-01,2026-01-01,2027-01-12,False,376,SUP-CHECKOV-ALB-BACKEND-HTTP-001,active,,,,not_verified,conditional_pass,conditional_pass,Review reference infrastructure control before production deployment.;Review the suppression before expiry and keep compensating controls current.,Cloud Security;Product Security;Risk Owner,Review suppression before expiry; remediate if compensating control is no longer valid.,security/config/suppressions.yaml,386a5c518508ea5827d26bc647a50d928a9900beb040175b301d80f2f1ee6881,outputs/security/integration/finding-source-lineage.json;outputs/security/findings/finding-source-map.json,"{""contract_name"":""product-security-control-plane-export"",""deployment_status"":""not_deployed"",""producer"":""devsecops-application-security-pipeline"",""producer_repository"":""devsecops-application-security-pipeline"",""producer_schema_version"":""1.0""}"
